username,password,event_id,ticket_id
aiden_hill_1,aiden@2026,2,d8a0c726-1a18-49f5-9b4a-b41228faf001
bella_williams_2,bella@2026,5,75958658-44fa-4fc8-9228-59704ae1adb9
caleb_garcia_3,caleb@2026,3,6bfc5927-898e-4522-b894-c4c9389cd592
diya_williams_4,diya@2026,5,4e704b9b-11d4-4b7f-8946-9122829ebafb
elijah_clark_5,elijah@2026,5,190e71a7-b185-4b11-85b5-d9fa3e6bf606
fatima_harris_6,fatima@2026,4,b9a01cea-1594-4d7e-bfcb-02a295432895
gavin_walker_7,gavin@2026,3,624ae94c-5d0d-4008-b081-55d562971623
hana_anderson_8,hana@2026,2,8dd02901-7947-4247-be41-2971bacc6b19
isaac_robinson_9,isaac@2026,1,6c2a96bb-a40d-414d-ae58-dc266ced9c3e
jade_walker_10,jade@2026,3,7e7fa02f-ed50-461c-9920-448e5fbc80e8
kai_lee_11,kai@2026,1,953f2a34-6c1b-4cd7-b633-8f1f58e6c626
lena_king_12,lena@2026,2,305386f6-63b3-4de1-8e4d-bd125dc2e367
mason_gonzalez_13,mason@2026,2,5cf5c230-0e27-477e-b602-2b14aeb06c43
nadia_flores_14,nadia@2026,5,3901e84a-3454-453f-89cb-e1dff63b0a2c
omar_johnson_15,omar@2026,5,df3ef520-5df8-472d-826b-e02aaadd42d6
piper_carter_16,piper@2026,2,5336e203-291f-4b05-a68a-6c80d50f043a
quinn_brown_17,quinn@2026,5,3300d908-71dd-47c5-839a-3a844338ebca
riya_lewis_18,riya@2026,2,53d14911-87c2-41c6-a5b8-d467091118f3
soren_clark_19,soren@2026,2,ac384ca9-4f20-4257-8adb-0189f86c8ac8
tara_white_20,tara@2026,1,ec79ee90-6977-46c0-ae66-fc48a99f2abb
uriel_walker_21,uriel@2026,5,8e398abd-44a3-4688-92d8-34fbbdfbe538
vera_flores_22,vera@2026,5,6220c2de-4ebd-4694-b3a5-82fdcd8cd931
wyatt_robinson_23,wyatt@2026,5,bb0a5d5b-efed-4c18-a8a3-a08662c4fb03
xena_nguyen_24,xena@2026,4,b2297811-414a-41ed-8c7b-10d9aa20dc4f
yusuf_johnson_25,yusuf@2026,4,354a9531-9ccb-40e0-bfcd-66ec06b9aa95
zara_gonzalez_26,zara@2026,1,69a4204c-16f3-4f66-b5ce-c899b3499165
arjun_perez_27,arjun@2026,4,c5f39167-bc4b-4739-9af3-51ffb1555b22
bianca_davis_28,bianca@2026,5,36061cc7-1549-4ef8-8025-94066b79fa1a
carlos_thompson_29,carlos@2026,4,be553651-1213-4126-a231-1fc9416d71ef
daphne_king_30,daphne@2026,4,33805062-35bb-4e5a-902f-9ae0d1c74f47
emilio_rivera_31,emilio@2026,3,a1d1c005-3620-4a39-bae0-235e7c2c85ce
freya_brown_32,freya@2026,1,b48a9cba-f14e-4c44-a0f2-34b19ec8516c
gustavo_davis_33,gustavo@2026,2,815051da-11fe-478d-a224-95f3ce2096e5
helene_moore_34,helene@2026,1,dcad3dbf-4bf5-4641-aa15-9dd2fb3d32ba
ivan_allen_35,ivan@2026,4,76cf5d75-1a36-4b82-a342-77a5cecb6d0f
jaya_lee_36,jaya@2026,5,f666644e-7d1a-4f6c-8cbb-9484b3d6f809
kiran_jackson_37,kiran@2026,2,777012e8-1bd2-4a44-b95a-ee067c2aeb10
lucia_robinson_38,lucia@2026,4,4306ca91-e452-4fb3-9928-22e186f0a864
mateo_flores_39,mateo@2026,5,bd5dc1bb-91ab-488e-82ac-626bab01484e
nora_hernandez_40,nora@2026,5,843d42fd-7ae7-4028-87d6-7976fe4ce3a1
oliver_wilson_41,oliver@2026,1,75ad72e4-1890-47eb-93aa-3cb98f7a2297
priti_johnson_42,priti@2026,5,ad5ccfef-72ac-497a-b56f-b754667609bf
rafael_rivera_43,rafael@2026,1,07b6d6f0-4f7b-4944-8f96-3105544124ca
sara_jackson_44,sara@2026,2,18111e62-4804-4496-a002-373ef157ba8e
theo_jones_45,theo@2026,2,191ca8d8-c1a9-4103-9eaa-7ff82c7b5c42
uma_perez_46,uma@2026,3,4bd9f967-c0d0-410a-bfa1-9eb4882d8d96
victor_green_47,victor@2026,1,3d38ced3-00f4-40df-aced-9b33ae6a3101
wendy_robinson_48,wendy@2026,3,9a7129ad-4f3a-4c31-a7c1-70ca58b51657
xavier_taylor_49,xavier@2026,1,b7fcf2dd-503c-48f7-b8fa-41f904a46a83
yasmin_harris_50,yasmin@2026,4,08456044-c78b-43d0-bf2d-8f2cc0ef60cb
zane_sanchez_51,zane@2026,3,fdef506e-d9cc-460c-b231-664c8a4dc233
amara_hill_52,amara@2026,5,90f1f0e6-202e-4eea-a08c-0931b6882c07
ben_campbell_53,ben@2026,1,a0c623cc-45cc-4796-9a10-ab12d3f9f1ec
cora_jackson_54,cora@2026,3,8d0284ba-ab22-47ab-a0aa-c975032818c7
derek_mitchell_55,derek@2026,1,14ea0c18-39fd-4901-b57f-3c3df09cd614
elena_hernandez_56,elena@2026,5,319ce74e-aff7-4520-b3f9-7f879436b588
felix_young_57,felix@2026,2,2b339f18-2788-4119-9f6d-c470d5d90e5a
gita_johnson_58,gita@2026,1,269b6e9c-b154-4771-b5d6-1bbd054e146b
hugo_shah_59,hugo@2026,4,6ee1aa28-05c1-438b-ab99-8ebd10a7213d
iris_jackson_60,iris@2026,3,b6f45d05-4bd3-480d-a16d-d58c1dac62cd
joel_harris_61,joel@2026,3,a3b93cdd-5bf2-4d80-8360-a4d9d0db21db
kavya_garcia_62,kavya@2026,1,1a7b6994-1c3a-4509-9376-9b4f125478d7
leon_hall_63,leon@2026,3,a0a3c50f-95ee-4435-8e23-8c2f646ab7af
mila_young_64,mila@2026,4,07a0f9f4-f1f3-481d-9427-5bf30d0ea277
nico_hernandez_65,nico@2026,1,e47045ba-dbf7-4282-b841-3a26d72bfb37
orla_baker_66,orla@2026,1,590e3eed-8bf5-4361-8838-1d851f7a4bc7
paul_flores_67,paul@2026,2,ecbfccbe-fd15-49ba-a1bb-d40ba605eb49
rosa_hernandez_68,rosa@2026,3,64d30efe-5eb9-4eba-90f1-b6368c77e418
seth_lopez_69,seth@2026,3,1d99aeb4-08ec-4bad-96d5-e83721417d53
tanvi_taylor_70,tanvi@2026,1,6bb61918-31ac-486a-b50b-a869f1b8c997
uday_mitchell_71,uday@2026,1,47005012-f3fa-49ae-b5a9-3502f23f7b76
vikas_rivera_72,vikas@2026,4,3a2a1803-b38b-4a46-8948-6fe3efe30158
walt_ramirez_73,walt@2026,2,2d06d550-dd03-4f0c-9da6-0e8388c8eab9
xander_torres_74,xander@2026,2,9668e1f1-2648-49f5-b608-8ace3be673fe
yara_lee_75,yara@2026,1,62ebc884-70f4-4045-89a7-e9c2fb90cd3f
zoe_hall_76,zoe@2026,1,ca77d065-bcda-4528-8484-ba1c95b3f1e0
akash_thompson_77,akash@2026,4,32acc904-99fd-4921-b44c-3b5fa20c8371
bina_scott_78,bina@2026,3,2b315606-b4e6-4850-a9cc-dcedac9ec2c9
cyrus_walker_79,cyrus@2026,4,67e403c9-08d3-411c-af6c-818b8ed522a7
divya_green_80,divya@2026,3,16cba45c-b731-43d4-963a-38f69b0957c7
eric_hernandez_81,eric@2026,3,d6fa56cf-55bd-4191-b184-ebe62f12f773
faye_lee_82,faye@2026,3,8e905f4d-3864-4162-8685-5503c9cf8fa1
hari_lopez_83,hari@2026,4,d3fe9763-6675-4e4b-80f9-8319f933600b
ines_thomas_84,ines@2026,4,46b98834-8124-484c-a3d4-fc9f9953c8dc
jay_wright_85,jay@2026,2,e646c2ae-6ad5-4fd5-ad02-f8b87f3365e6
kara_martinez_86,kara@2026,4,b8e734c6-68ad-41b8-b87c-62e9476fffc6
luke_kumar_87,luke@2026,5,88cd2318-60bf-47fc-999b-1c75d19b03d1
maya_martin_88,maya@2026,2,e46cd2d3-f404-4678-8c36-569c2048a1b8
neil_carter_89,neil@2026,2,9a8ad95c-a2d5-4409-a911-31b7da4dedc1
opal_campbell_90,opal@2026,5,84f1051f-8e2c-4006-9d00-3a37de26edcd
pete_anderson_91,pete@2026,4,e67db0b3-3677-47f5-be79-27a82b90dfa8
rina_taylor_92,rina@2026,5,3d9b29c5-5f9b-4bbe-8eb7-598b9f54d464
suraj_miller_93,suraj@2026,3,86ec5002-616a-4892-8be2-a8a721ae81aa
tanya_baker_94,tanya@2026,3,4489dd07-6d84-4400-a257-de69a4ab2315
usha_sanchez_95,usha@2026,2,eef95d3c-3f96-442b-9df0-0e144bafaaca
vinay_rodriguez_96,vinay@2026,3,e6242313-7379-4507-bf83-cf5d6322a2c6
wren_nelson_97,wren@2026,4,e971b107-b2c1-42fc-a826-49b50029bdb9
yash_rivera_98,yash@2026,2,82589a3f-6041-4d09-aa2d-3cb272eff006
zena_lee_99,zena@2026,3,a4017826-a609-4069-9ff0-469cbd44fc3e
anika_perez_100,anika@2026,2,982aeac5-ed9e-4a61-8ba6-0ba9e865ed0a
